{
	"parent": "builtin/entity",
	"gui_light": "front",
	"textures": {
		"particle": "break/shield"
	},
	"display": {
		"thirdperson_righthand": {
			"rotation": [ 0, 90, 0 ],
			"translation": [ 10, 6, -4 ]
		},
		"thirdperson_lefthand": {
			"rotation": [ 0, 90, 0 ],
			"translation": [ 10, 6, 12 ]
		},
		"firstperson_righthand": {
			"rotation": [ 0, 100, -65 ],
			"translation": [ 24.002, -14.8695, -15.2064 ]
		},
		"firstperson_lefthand": {
			"rotation": [ 0, 100, -65 ],
			"translation": [ 25.1761, -0.3686, -8.5472 ]
		},
		"gui": {
			"rotation": [ 0, -15, -5 ],
			"translation": [ 5.2407, 5.165475, 0 ],
			"scale": [ 0.75, 0.75, 0.75 ]
		},
		"ground": {
			"translation": [ 4, 7.5, 3.25 ],
			"scale": [ 0.5, 0.5, 0.5 ]
		},
		"fixed": {
			"rotation": [ 0, 180, 0 ],
			"translation": [ -8, 8, -7 ]
		},
		"head": {
			"rotation": [ -90, 0, 0 ],
			"translation": [ 8, 13.4, -8 ]
		}
	},
	"overrides": [
		{
			"predicate": {
				"blocking": 1
			},
			"model": "item/shield_blocking"
		}
	]
}